r,target_delta_g,nfw_full_delta_g,nfw_outer_delta_g,cored_isothermal_full_delta_g,gap_full_delta_g,gap_outer_delta_g,target_speed,nfw_outer_speed,target_slope,nfw_outer_slope,target_density_proxy,nfw_outer_density_proxy,gap_outer_density_proxy
0.3,500.5083272253378,2686.9367172161105,6052.927439485026,375.04480894643376,-2186.4283899907728,-5552.4191122596885,12.253672843992584,42.61312276571042,0.9394841774896872,-0.026887510583804897,-0.0003426623645663775,0.000196126539797803,-0.000538788904364248
0.4812785388127854,771.6928326702946,2672.7273322526275,5947.739590715168,598.8253948142957,-1901.034499582333,-5176.046758044873,19.27172018580227,53.502517879613386,0.892525936892687,-0.0472911591882621,0.007928862395657097,0.026814588732447506,-0.018885726336790407
0.6625570776255708,1021.2841226691435,2658.644248913043,5845.596528076589,818.7120646137206,-1637.3601262438997,-4824.312405407445,26.01267044617032,62.233763767111235,0.8546905398730154,-0.06363777321622521,0.008650164090219927,0.028136465671072298,-0.01948630158085236
0.8438356164383563,1250.7594154668068,2644.685876845109,5746.374500311388,1033.3599328902776,-1393.926461378302,-4495.615084844581,32.48746438807608,69.63472889841614,0.8170618688434033,-0.07974474755517846,0.0081875444179554,0.02392025804031432,-0.015732713622358927
1.0251141552511416,1461.497445480537,2630.8506516688785,5649.956222997099,1241.5332331292777,-1169.3532061883416,-4188.458777516562,38.706610794869164,76.10420553913957,0.7798233197430378,-0.0955440186343246,0.007583779408177581,0.01924531343777412,-0.011661534029596538
1.2063926940639271,1654.7850438567211,2617.1370344549123,5556.230466609245,1442.126588281737,-962.3519905981912,-3901.445422752524,44.68020352633819,81.87182568779566,0.7430429280084994,-0.11101815538818016,0.007103561219987245,0.015977233865015504,-0.008873672645028256
1.3876712328767125,1831.8232748504051,2603.5435112154264,5465.091675452036,1634.1809861328127,-771.7202363650213,-3633.2684006016307,50.417937901345375,87.08473174477133,0.7067515468884196,-0.12616558892288054,0.00669229515990029,0.013568690724156375,-0.006876395564256087
1.568949771689498,1993.7331583656887,2590.0685924073623,5376.439614805621,1816.8941646241324,-596.3354340416736,-3382.7064564399325,55.929126433618016,91.844236107399,0.670964809854695,-0.1409908644441913,0.006325647156406453,0.011723428528888639,-0.005397781372482181
1.7502283105022833,2141.561006899091,2576.710812446953,5290.17904389251,1989.6254527372823,-435.1498055478619,-3148.618036993419,61.22271394623538,96.22380750233579,0.6356910826277229,-0.15550113191401493,0.005991329622017696,0.01026712978403356,-0.004275800162015864
1.9315068493150687,2276.2834031784723,2563.468729236293,5206.219412496142,2151.8954127615657,-287.1853260578205,-2929.9360093176692,66.30729208934288,100.27885347506407,0.6009348479284142,-0.16970466991308086,0.005682458025683274,0.00909054420071709,-0.0034080861750338167
2.112785388127854,2398.8118429764872,2550.340923700201,5124.474579268708,2303.3808688868444,-151.52908072371383,-2725.662736292221,71.19111328465632,104.05246279118798,0.5666983210449459,-0.18361019610553342,0.005394806048851633,0.008121729441342276,-0.0027269233924906476
2.2940639269406393,2509.9970658902103,2537.3259993346396,5044.862549949257,2443.9060736541765,-27.328933444429367,-2534.865484059047,75.88210411938759,107.57898118225678,0.5329822905776567,-0.19722652124958273,0.005125558109664415,0.00731138502433072,-0.0021858269146663046
2.4753424657534246,2610.63309530912,2524.422581765236,4967.30523387702,2573.4308556272554,86.21051354388419,-2356.6721385679,80.38787821133216,110.8863453531364,0.4997865868642535,-0.21056236745421586,0.004872697794191961,0.006624599798277168,-0.0017519020040851964
2.65662100456621,2701.4610073329304,2511.629318316265,4891.728217332609,2692.03661423028,189.83168901666522,-2190.267209999679,84.71574856599719,113.99766633925026,0.4671103579591289,-0.22362627061133367,0.004634688795579334,0.006035963228444477,-0.0014012744328651425
2.8378995433789957,2783.1724470421414,2498.9448775893898,4818.0605523721815,2799.9109921011923,284.2275694527516,-2034.8881053300402,88.87273944582724,116.93233873291582,0.43495224009366495,-0.23642652836461764,0.004410299462672377,0.005526542664113578,-0.0011162432014412032
3.019178082191781,2856.4129092596686,2486.3679490522068,4746.234559939012,2897.3319757181666,370.0449602074618,-1889.8216506793433,92.8655977707916,119.70683922111142,0.4033104673885646,-0.24897117376310973,0.004198501793271533,0.005081945385277231,-0.0008834435920056942
3.2004566210045664,2921.78479976531,2473.8972426363716,4676.185646144266,2984.6520665170083,447.88755712893817,-1754.400846378956,96.7008040688359,122.33531506580155,0.3721829451319252,-0.2612679638618829,0.003998410842709764,0.004691036902772117,-0.0006926260600623476
3.3817351598173517,2979.850291830053,2461.531488344607,4607.8521307058245,3062.283041338862,518.3188034854456,-1628.0018388757717,100.38458299397216,124.8300266828746,0.34156730043180517,-0.27332437721008773,0.0038092469679616913,0.004345070113408111,-0.0005358231454464244
3.563013698630137,3031.133991918078,2449.2694358669246,4541.175086621129,3130.681694802841,581.8645560511536,-1510.0410947030505,103.92291342907764,127.20168647273896,0.3114609183922852,-0.2851476166797937,0.003630311436030062,0.004037079464168543,-0.00040676802813848336
3.744292237442923,3076.1254274560815,2437.109854205385,4476.0981902296035,3190.3368362965725,639.0155732506964,-1399.972762773522,107.32153818979954,129.4597223375248,0.2818609687860629,-0.29674461550096964,0.0034609701039129757,0.003761450590951749,-0.0003004804870387709
3.925570776255708,3115.2813686868376,2425.0515313074607,4412.567580891416,3241.757707037865,690.2298373793769,-1297.286212204578,110.58597334531596,131.61248551638514,0.25276442634633156,-0.30812204518502995,0.003300642115770937,0.0035136088754880793,-0.00021296675971713735
4.1068493150684935,3149.0279958023248,2413.093273707575,4350.531729574243,3285.4638917367934,735.9347220947498,-1201.5037337719186,113.7215171710802,133.66741657481725,0.2241680866916056,-0.31928632450780015,0.003148791803426649,0.0032897902787183972,-0.0001409984752917458
4.288127853881279,3177.7629217870553,2401.2339061767257,4289.941315698617,3321.9767262110604,776.5290156103297,-1112.1783939115612,116.73325874808013,135.63117948083817,0.19606857920921072,-0.33024362902365567,0.003004922684914676,0.0030868701673839633,-8.194748246928823e-05
4.469406392694064,3201.857080690105,2389.472271379961,4230.749111645652,3351.812146620055,812.3848093101437,-1028.8920309555474,119.62608622256731,137.50977101818552,0.168462377790064,-0.3409999007711093,0.002868572871608367,0.002902233709551669,-3.3660837943304e-05
4.6506849315068495,3221.6564903819303,2377.8072295413976,4172.909874379628,3375.474886368735,843.8492608405327,-951.2533839976973,122.40469473966463,139.30861090870684,0.1413458100253706,-0.35156085795027536,0.002739311444449233,0.0027336765236966047,5.634920752626848e-06
4.831963470319635,3237.4838982346396,2366.2376581167964,4116.380243681816,3393.4539010884478,871.2462401178432,-878.8963454471764,125.07359406372629,141.03261667931986,0.11471506528880582,-0.3619320044318499,0.0026167355134512466,0.0025793276540122855,3.740785943895951e-05
5.01324200913242,3249.640317590167,2354.762451473334,4061.1186465322703,3406.218888018749,894.877866116833,-811.4783289421034,127.63711589781964,142.68626634286346,0.08856620200391774,-0.37211863900915887,0.002500467770996092,0.0024375892326212005,6.28785383748892e-05
5.194520547945206,3258.406462345727,2343.3805205763815,4007.0852072128805,3414.2177611571346,915.0259417693455,-748.6787448671535,130.09942091420825,144.27365125425564,0.0628951543092029,-0.38212586433823503,0.002390154410970978,0.002307088760344217,8.306565062676026e-05
5.375799086757992,3264.0440864878974,2332.090792683248,3954.241662738305,3417.874945439906,931.9532938046495,-690.1975762504076,132.46450550724697,145.7985209779886,0.037697738274189874,-0.3919585955359395,0.0022854633257811145,0.002186641032917987,9.882229286312894e-05
5.557077625570777,3266.797234942769,2320.892211043568,3902.5512832519735,3417.5903599679423,945.9050238992013,-635.7540483092043,134.73620827964896,147.2643216084672,0.012969657777858856,-0.40162156842080776,0.0021860825196627983,0.0020752175138969288,0.0001108650057658668
5.738356164383562,3266.893411677683,2309.7837346062506,3851.9787970522157,3413.7389702198434,957.1096770714325,-585.0853853745325,136.9182162726519,148.67422868520072,-0.011293489870013218,-0.4111193473915762,0.0020917186944123273,0.001971921510103762,0.00011979718430856702
5.919634703196348,3264.54467058779,2298.764337732831,3802.4903199389582,3406.6708009565755,965.7803328549589,-537.9456493511684,139.01407095019616,150.03117561519952,-0.03509620850502415,-0.42045633294628715,0.002002095975673687,0.0018759679075537408,0.00012612806811994952
6.100913242009133,3259.948634325865,2287.833009916935,3754.053288594916,3396.71131408101,972.1156244089298,-494.104654269051,141.0271739468258,151.33787833717193,-0.05844309783878998,-0.4296367688494911,0.001916954756220586,0.0017866665205192513,0.00013028823570133705
6.282191780821918,3253.2894458849273,2276.9887555099117,3706.636397736428,3384.1620683111178,976.3006903750156,-453.34695185150076,142.96079258864293,152.5968568233145,-0.08133884831272553,-0.4386647489575921,0.0018360506384650943,0.00170340832473422,0.0001326423137308703
6.463470319634704,3244.738657418005,2266.2305934523024,3660.2095407888078,3369.301589625891,978.5080639657026,-415.47088337080277,144.81806519627526,153.81045390522786,-0.10378823605134357,-0.44754422371448754,0.0017591534625321413,0.0016256540090541457,0.00013349945347798883
6.644748858447489,3234.4560604765816,2255.5575570110977,3614.7437538590107,3352.3863927033003,978.8985034654838,-380.2876933824291,146.60200617846377,154.98085182381354,-0.12579611790002332,-0.4562790063313855,0.0016860464091893726,0.0015529244031705506,0.0001331220060188204
6.826027397260274,3222.590461567121,2244.9686935225204,3570.2111627949203,3333.652103789592,977.6217680446007,-347.62070122779915,148.31551092453816,156.1100868337552,-0.14736742653494161,-0.46487277866481236,0.0016165251690706626,0.001484792432842458,0.00013173273622819973
7.00730593607306,3209.2804066621297,2234.4630641404765,3526.584933135803,3313.3146445275515,974.8173425216532,-317.3045264736734,149.96136050371945,157.2000621374824,-0.16850716563791934,-0.47332909680596913,0.0015503971712193963,0.0014208763261503526,0.00012952084506904192
7.188584474885846,3194.6548580574463,2224.03974359013,3483.8392227724044,3291.5714442142657,970.6151144673163,-289.18436471495806,151.54222617887862,158.25255937841914,-0.18922040513197658,-0.4816513963970408,0.0014874808651683653,0.0013608338499941006,0.0001266470151742673
7.369863013698631,3178.8338267390322,2213.6978199268347,3441.94913714802,3268.602654796449,965.1360068121976,-263.1153104089876,153.0606737420755,159.26924888659175,-0.20951227647356063,-0.4898429976865941,0.0014276050516795183,0.0013043573994554066,0.00012324765222411838
7.5511415525114165,3161.9289632100704,2203.4363943000562,3400.890686843732,3244.572348717278,958.4925689100141,-238.96172363366168,154.51916767891584,160.25169883959046,-0.2293879680024986,-0.4979071103388151,0.0013706082579680724,0.0012511697966800523,0.00011943846128801963
7.732420091324202,3144.04410953085,2193.254580722351,3360.6407474019575,3219.629684596417,950.7895288084992,-216.5966378711073,155.9200751684845,161.20138347710815,-0.24885272034831019,-0.5058468380081251,0.0013163381537864343,0.0012010206827978384,0.00011531747098859415
7.913698630136987,3125.2758151393527,2183.1515058430514,3321.177021252408,3193.9100297565697,942.1243092963014,-195.9012061130552,157.26566992534813,162.1196904867747,-0.26791182189472806,-0.5136651826926197,0.0012646510051835835,0.001153683407729025,0.00011096759745456012
8.094977168949773,3105.7138188481586,2173.126308726818,3282.4780016140303,3167.5360319092065,932.5875101213405,-176.76418276587174,158.5581358898611,163.0079276619559,-0.2865706043049272,-0.5213650488769304,0.0012154111631126018,0.0011089523397629917,0.00010645882334961116
8.276255707762559,3085.4414992530183,2163.178140636665,3244.522938254966,3140.6186349788068,922.2633586163533,-159.08143900194773,159.79957077276603,163.86732891793656,-0.3048344381083439,-0.528949247476902,0.0011684905843536294,0.0010666405304765928,0.00010185005387703827
8.457534246575344,3064.5362956386984,2153.3061648215953,3207.2918050005246,3113.2580361723167,911.2301308171031,-142.75550936182617,160.99198945984062,164.6990597409481,-0.32270872835363207,-0.5364204995957778,0.0011237683824659608,0.0010265776816045255,9.719070086143408e-05
8.63881278538813,3043.070101328436,2143.5095563084997,3170.7652688865815,3085.5445830730546,899.5605450199364,-127.69516755814539,162.13732728211738,165.50422213442783,-0.3401989103296046,-0.5437814401019239,0.0010811304066922168,0.0009886083694351348,9.252203725707952e-05
8.820091324200915,3021.109631293245,2133.7875016984776,3134.9246608625604,3057.559610831412,887.3221295947674,-113.81502956931536,163.23744315698337,166.28385911836833,-0.3573104453577116,-0.5510346210381556,0.0010404688469174428,0.0009525904896096606,8.787835730778177e-05
9.0013698630137,2998.7167657162026,2124.139198967246,3099.7519479544317,3029.376220504425,874.5775667489565,-101.03518223822903,164.2941226052586,167.03895883037296,-0.3740488166582736,-0.5581825148711062,0.0010016818629427688,0.0009183938911847355,8.328797175803166e-05
9.182648401826485,2975.9488710938213,2114.563857269643,3065.2297068040943,3001.060000319593,861.3850138241783,-89.2808357102731,165.30908064914948,167.77045827086388,-0.39041952529623813,-0.5652275175896762,0.000964673236470926,0.0008858991737372832,7.87740627336443e-05
9.36392694063927,2952.859100351248,2105.0606967481244,3031.341098506798,2972.6696921540984,847.7984036031235,-78.48199815555017,166.28396459578082,168.4792467296042,-0.40642808620594906,-0.572171951659783,0.0009293520443235311,0.0008549966253540573,7.435541896947337e-05
9.545205479452056,2929.496673349828,2095.628948345195,2998.0698446734445,2944.2578058698095,833.867725004633,-68.5731713236164,167.22035671082438,169.16616892616838,-0.4220800243006124,-0.5790180688433395,0.0008956323515194884,0.0008255852827166681,7.004706880281954e-05
9.726484018264841,2905.9071390738873,2086.2678536195444,2965.4002046490623,2915.8711843618544,819.6392854543428,-59.493065575175024,168.1197767865633,169.83202789308734,-0.4373808706689033,-0.5857680528893923,0.0008634329229428974,0.0007975720972967173,6.586082564618052e-05
9.907762557077627,2882.1326206981644,2076.9766645660043,2933.316953823357,2887.551522292568,805.1559561321601,-51.18433312519255,168.98368460856003,170.47758762703106,-0.45233615886039047,-0.5924240221022785,0.0008326769524184488,0.0007708711940180976,6.180575840035259e-05
10.089041095890414,2858.2120446576428,2067.75464343903,2901.8053629729743,2859.335841517003,790.4574012186126,-43.593318315331544,169.8134823249318,171.10357553046498,-0.4669514212629906,-0.5989880317947609,0.0008032918080941458,0.0007454032107068455,5.788859738730355e-05
10.270319634703199,2834.181354767151,2058.601062579802,2870.851178579126,2831.256926180076,775.5802921873487,-36.66982381197522,170.61051672207896,171.7106846636866,-0.48123218557572045,-0.6054620766314827,0.0007752087931061819,0.0007210947083006429,5.411408480553373e-05
10.451598173515984,2810.073712368757,2049.5152042467166,2840.4406040675276,2803.3437203944886,760.5585081220402,-30.366891698770814,171.3760814105591,172.29957582493583,-0.49518397137708803,-0.6118480928688541,0.0007483629205695392,0.0006978776431837604,5.048527738577528e-05
10.63287671232877,2785.9196834203276,2040.4963604493219,2810.560281920943,2775.621691305364,745.4233229710057,-24.640598500615397,172.1114189246557,172.8708794743446,-0.508812286792363,-0.6181479604950368,0.0007226927020017192,0.0006756888941931785,4.700380780854585e-05
10.814155251141555,2761.74741337821,2031.543832785491,2781.197276617658,2748.113160221954,730.2035805927187,-19.449863239448405,172.81772273904832,173.42519751580346,-0.5221226252614599,-0.624363505277671,0.0006981399483453421,0.0006544698378432276,4.3670110502117405e-05
10.99543378995434,2737.582790670711,2022.6569322818768,2752.3390583519654,2720.8376043568987,714.9258583888341,-14.756267681254485,173.49613920585736,173.96310494933778,-0.5351204624084858,-0.630496500721847,0.0006746495828100846,0.0006341659661693889,4.048361664069563e-05
11.176712328767126,2713.4495995064854,2013.8349792374531,2723.9734874954474,2693.8119315652143,699.6146202690322,-10.523887988962088,174.1477694152077,174.48515140528477,-0.5478112530141743,-0.6365486699436076,0.0006521694648047827,0.0006147265423200309,3.744292248475252e-05
11.357990867579911,2689.369662712945,2005.0773030702076,2696.088799760258,2667.0507303234826,684.2923596427372,-6.719137047313325,174.773670982331,174.99186257041066,-0.5602004280933102,-0.6425216874636419,0.0006306502242775092,0.0005961042896489093,3.454593462859798e-05
11.539269406392696,2665.3629752539728,1996.3832421667744,2668.673592027908,2640.566497037987,668.9797330871984,-3.3106167739351804,175.3748597641064,175.48374151509233,-0.5722933920758067,-0.6484171809239285,0.0006100451058250594,0.0005782551105965518,3.178999522851035e-05
11.720547945205482,2641.4478290336015,1987.7521437350547,2641.71680880919,2614.369842621567,653.6956852985468,-0.2689797755883774,175.95231150782664,175.9612699297869,-0.5840955200958433,-0.654236732732727,0.0005903098219740671,0.0005611378321094063,2.9171989864666457e-05
11.901826484018267,2617.6409295523854,1979.1833636596803,2615.2077293029392,2588.469680134656,638.4575658927051,2.433200249446145,176.506963434865,176.42490927821672,-0.5956121553851972,-0.6599818816396805,0.000571402415073777,0.0005447139747434434,2.6688440330325678e-05
12.083105022831052,2593.957504946028,1970.6762663603115,2589.1359550230995,2562.8733951476647,623.2812385857167,4.821549922928625,177.03971576181334,176.87510187398362,-0.6068486067741787,-0.6656541242458047,0.0005532831272760389,0.0005289475429426227,2.433558433341008e-05
12.264383561643838,2570.411407901107,1962.230224652656,2563.4913979653916,2537.587000350515,608.1811832484509,6.92000993571537,177.55143316156062,177.3122718866975,-0.6178101462985524,-0.6712549164508914,0.0005359142781111319,0.0005138048342804722,2.2109443830660742e-05
12.445662100456623,2547.0152109102514,1953.8446196121886,2538.2642692865334,2512.615275811166,593.1705912980628,8.750941623718063,178.04294616668264,177.73682628313873,-0.6285020069132088,-0.6767856748415397,0.000519260149198742,0.0004992542657122511,2.0005883486491867e-05
12.626940639269408,2523.780295298946,1945.5188404404905,2513.4450684703984,2487.961896168789,578.2614548584554,10.335226828547547,178.51505251742108,178.1491557084685,-0.6389293803121063,-0.6822477780218605,0.0005032868756624647,0.00048526621511030016,1.802066055216737e-05
12.808219178082194,2500.716934427799,1937.2522843341594,2489.024572957067,2463.6295459387898,563.4646500936396,11.692361470732067,178.96851845643982,178.54963531205138,-0.6490974148527471,-0.6876425678910323,0.00048796234384311944,0.0004718128765517528,1.614946729136591e-05
12.989497716894979,2477.834371447766,1929.0443563562033,2464.9938282119674,2439.6200240061135,548.7900150915627,12.840543235798577,179.40407997245956,178.93862552204754,-0.6590112135864956,-0.692971350869243,0.000473256094931365,0.00045886812799980257,1.4387966931562951e-05
13.170776255707764,2455.1408919611504,1920.8944693099327,2441.344138213624,2415.9343382899297,534.2464226512177,13.796753747526509,179.8224439947892,179.31647277256857,-0.6686758323929212,-0.6982353990742922,0.00045913923416374906,0.00044640741017002014,1.2731823993730546e-05
13.35205479452055,2432.643891918214,1912.8020436151965,2418.0670563397216,2392.5727914766953,519.8418483030177,14.576835578492592,180.2242895406935,179.6835101868643,-0.6780962782157189,-0.7034359514512403,0.0004455843452484088,0.0004344076155054768,1.1176729742932876e-05
13.533333333333335,2410.349941057719,1904.7665071870215,2395.1543766322443,2369.535058639226,505.5834338706977,15.195564425474913,180.61026881745806,180.04005821970946,-0.687277507402257,-0.7085742148584586,0.00043256540970729575,0.00042284698630034516,9.718423406948612e-06
13.71461187214612,2388.2648421796466,1896.7872953164942,2372.5981254235835,2346.820257486549,491.4775468631524,15.666716756063124,180.98100828094135,180.38642526189687,-0.6962244241424855,-0.7136513651099108,0.000420057730841163,0.00041170502111395374,8.352709727209537e-06
13.895890410958907,2366.39368651961,1888.86385055393,2350.390553306421,2324.4270119225043,477.52983596568015,16.003133213188903,181.3371096523311,180.72290820949928,-0.704941879007265,-0.7186685479775292,0.00040803786204175296,0.0004009623887075099,7.075473334244422e-06
14.077168949771693,2344.7409054769305,1880.9956225942171,2328.524127431152,2302.353509529843,463.74528288271335,16.216778045778483,181.6791508947557,181.04979300034574,-0.7134346675839538,-0.7236268801544838,0.0003964835391924803,0.00039060084881540024,5.882690377078274e-06
14.258447488584478,2323.3103189320045,1873.1820681642885,2306.991524115453,2280.5975535406956,450.12825076771605,16.318794816551417,182.00768715133557,181.36735511995994,-0.7217075292084019,-0.7285274501821846,0.00038537361691479355,0.00038060317913336914,4.770437781424592e-06
14.439726027397263,2302.105180373307,1865.42265091275,2285.7856217514473,2259.156609803187,436.68252946055713,16.31955862185987,182.32325164619712,181.6758600790287,-0.729765145790509,-0.7333713193405629,0.0003746880084325353,0.00037095310796866784,3.7349004638668587e-06
14.621004566210049,2281.1282190400575,1857.7168413015088,2264.8994939966724,2238.0278492074426,423.4113777385487,16.22872504338511,182.62635654991115,181.97556386430617,-0.7376121407318692,-0.7381595225053275,0.0003644076288402156,0.0003616352520526046,2.772376787608794e-06
14.802283105022834,2260.381679273268,1850.0641164994502,2244.326403235773,2217.208185991767,410.31756277381805,16.055276037495332,182.91749381076113,182.26671336471054,-0.7452530779343078,-0.7428930689731033,0.0003545143415744583,0.0003526350590654068,1.8792825090523243e-06
14.98356164383562,2239.8673572554035,1842.4639602780546,2224.0597943005164,2196.694312311186,397.40339697734885,15.80756295488709,183.19713595318984,182.54954677423376,-0.7526924608960712,-0.7475729432554203,0.00034499090790004636,0.00034393875446722514,1.0521534328235764e-06
15.164840182648405,2219.586635307217,1834.9158629089748,2204.0932884364015,2176.482729415352,384.6707723982422,15.493346870815458,183.46573684472057,182.8242939731643,-0.759934731894532,-0.7522001058426895,0.00033582093923345394,0.0003355332922683945,2.876469650591769e-07
15.34611872146119,2199.5405138994493,1827.4193210634637,2184.4206775047,2156.569775750888,372.12119283598554,15.1198363947492,183.72373243259756,183.09117688900744,-0.7669842712520563,-0.7567754939405518,0.0003269888521375382,0.0003274063094070648,-4.1745726952738063e-07
15.527397260273975,2179.7296415268966,1819.9738377136682,2165.0359184093522,2136.9516522741815,359.75580381322834,14.693723117544323,183.97154145134164,183.35040983838604,-0.7738453966849193,-0.7613000221792845,0.00031847982583119324,0.0003195460834336422,-1.06625760244826e-06
15.70867579908676,2160.1543425828163,1812.5789220357271,2145.933127738685,2117.6244452342503,347.57542054708915,14.221214844131282,184.20956610236846,183.6021998511108,-0.7805223627296982,-0.765774583295979,0.00031027976206717044,0.0003119414932295345,-1.6617311623612048e-06
15.889954337899546,2140.8146433627658,1805.2340893146336,2127.1065766124157,2098.584146661336,335.58055404813217,13.708066750350099,184.43819270677386,183.84674697752232,-0.7870193602495306,-0.7702000487938108,0.00030237524724018695,0.00030458198251288664,-2.206735272697329e-06
16.07123287671233,2121.7102963186276,1797.9388608508111,2108.5506857248765,2079.826672775128,323.77143546781645,13.15961059375104,184.65779233234375,184.08424458012686,-0.7933405160120515,-0.7745772695761843,0.0002947535165957177,0.0002974575259065394,-2.7040093108196293e-06
16.252511415525117,2102.840802675848,1790.692763868426,2090.2600205758745,2061.3478805067552,312.1480388074219,12.580782099973476,184.8687213958089,184.31487961047844,-0.7994898923420237,-0.7789070765585961,0.000287402420417751,0.00029055859736375325,-3.1561769460021218e-06
16.433789954337904,2084.2054335195685,1783.49533142532,2072.22928688099,2043.143582310772,300.71010209424844,11.976146638578484,185.07132224131962,184.53883287218875,-0.805471486842805,-0.7831902812584985,0.00028031039208103445,0.00028387614076554876,-3.565748684519033e-06
16.615068493150687,2065.8032494486083,1776.3461023245725,2054.4533261535603,2025.209559427069,289.4571471240358,11.349923295048029,185.2659236960804,184.7562792708888,-0.8112892321859704,-0.7874276763646435,0.00027346641786017657,0.00027740154251992225,-3.935124659745041e-06
16.796347031963474,2047.633118889843,1769.2446210276676,2036.9271114509245,2007.5415737379153,278.3884978621754,10.706007438918505,185.4528416040464,184.96738805190677,-0.8169469959659068,-0.7916200362860195,0.00026686000839461573,0.0002711266060081367,-4.266597613519877e-06
16.977625570776258,2029.693735159628,1762.190437569221,2019.645743277933,1990.1353783519119,267.5032975904069,10.047991881694998,185.6323793385477,185.17232302637686,-0.8224485806167081,-0.7957681176816322,0.00026048117171413804,0.000265043527736575,-4.562356022435951e-06
17.158904109589045,2011.9836323532957,1755.1831074731904,2002.6044456409963,1972.9867270345037,256.8005248801053,9.379186712299315,185.80482829467286,185.3712427864435,-0.8277977233906313,-0.7998726599719248,0.0002543203877357295,0.00025914487506493094,-4.82448732920198e-06
17.34018264840183,1994.5012001386353,1748.2221916706362,1985.7985622463211,1956.0913825936614,246.27900846799912,8.702637892314215,185.97046836221224,185.56430091018305,-0.8329980963924868,-0.8039343858325765,0.0002483685841475212,0.00025342356539232927,-5.054981244807628e-06
17.521461187214616,1977.2446975243083,1741.3072564189085,1969.223552836255,1939.445124319344,235.93744110539978,8.021144688053255,186.1295683799274,185.7516461568223,-0.838053306671668,-0.8079540016708506,0.00024261711360080865,0.00024787284669303296,-5.255733092221015e-06
17.7027397260274,1960.2122656696802,1734.4378732222747,1952.8749896579761,1923.04375456628,225.7743924474055,7.337276011704034,186.282386571884,185.93342265279688,-0.8429668963662493,-0.8119321980865379,0.00023705773213567526,0.00024248627930238218,-5.42854716670445e-06
17.884018264840186,1943.401939798263,1727.6136187539448,1936.7485540590014,1906.8831045613576,215.78832104431808,6.653385739261466,186.42917096655765,186.1097700691557,-0.8477423428971633,-0.8158696503163583,0.00023168257877023745,0.00023725771886178612,-5.5751400915486224e-06
18.06529680365297,1926.8116602729629,1720.8340747794832,1920.840033204294,1890.959039509449,205.97758549347964,5.971627068668795,186.57015979939138,186.28082379078688,-0.8523830592128547,-0.8197670186639243,0.00022648415618761928,0.0002321813003389944,-5.697144151373742e-06
18.246575342465757,1910.4392828876337,1714.0988280815698,1905.1453169099489,1875.2674630646975,196.34045480606392,5.29396597768482,186.70558189945865,186.44671507790954,-0.8568923940774198,-0.8236249489145848,0.00022145531245868502,0.00022725142304676768,-5.796110588081654e-06
18.42785388127854,1894.2825884259382,1707.4074703860429,1889.6603945886943,1859.8043212281618,186.87511803989537,4.622193837243913,186.83565706086,186.60757122024714,-0.8612736324053571,-0.8274440727377055,0.0002165892237421161,0.00022246273658908355,-5.873512846968621e-06
18.609132420091328,1878.3392915352506,1700.7595982892808,1874.3813523026647,1844.565605727082,177.5796932459698,3.957939232585886,186.96059639945528,186.7635156842742,-0.865529995635768,-0.8312250080738863,0.00021187937790702354,0.00021781012766977862,-5.930749762760427e-06
18.79041095890411,1862.6070489602964,1694.1548131868374,1859.3043699191123,1829.5473569259998,168.45223577345905,3.302679041184092,187.0806026955109,186.91466825390242,-0.8696646421467449,-0.8349683595105262,0.00020731955902620583,0.00021328870770347477,-5.969148677269717e-06
18.9716894977169,1847.0834671783596,1687.5927212032882,1844.4257183648924,1814.7456663153182,159.49074597507138,2.657748813467151,187.19587072281857,187.06114516494915,-0.8736806677076174,-0.8386747186451089,0.00020290383269157885,0.0002088938011735325,-5.9899684819510585e-06
19.152968036529682,1831.766109475212,1681.0729331233247,1829.7417569758054,1800.156678618737,150.69317635188736,2.024352499406632,187.3065875648186,187.20305923371353,-0.877581105965362,-0.8423446644358705,0.00019862653210572564,0.00020462093468585847,-5.994402580129974e-06
19.33424657534247,1816.652502498424,1674.5950643240387,1815.2489309369942,1785.7765935571558,142.0574381743852,1.4035715614297715,187.412932918242,187.3405199799623,-0.881368928964605,-0.8459787635415523,0.0001944822449065119,0.00020046582667142848,-5.98358176491374e-06
19.515525114155253,1801.7401423223907,1668.158734708349,1800.9437688108123,1771.6016673032332,133.58140761404184,0.7963735115783948,187.51507938476382,187.47363374461173,-0.8850470476983787,-0.8495775706502968,0.000190465800684009,0.0001964243776938725,-5.958577009863262e-06
19.69680365296804,1787.0265000571612,1661.7635686395988,1786.8228801487066,1757.6282136576035,125.26293141756241,0.20361990845458422,187.61319275114045,187.60250380237446,-0.8886183126885498,-0.8531416287978573,0.00018657225915149584,0.00019249266132189004,-5.92040217039385e-06
19.878082191780827,1772.509027031186,1655.409194877261,1772.882953183829,1743.8526049749378,117.09983215392504,-0.37392615264298,187.70743225828693,187.72723046962386,-0.8920855145926225,-0.8566714696751205,0.0001827968989343245,0.00018866691552904376,-5.870016594720245e-06
20.05936073059361,1758.1851595760982,1649.0952465137384,1759.1207526012545,1730.2712728654303,109.08991306235976,-0.9355930251563223,187.79795085972916,187.8479112077158,-0.8954513848361216,-0.8601676139271603,0.00017913520694267366,0.00018494353458649459,-5.80832764382076e-06
20.240639269406397,1744.0523234399116,1642.8213609122597,1745.5331173827537,1716.8807086949332,101.23096252765185,-1.4807939428421832,187.88489546985235,187.96464072198987,-0.8987185962679405,-0.8636305714410355,0.00017558286829616834,0.0001813190614166118,-5.736193120442102e-06
20.42191780821918,1730.1079378532927,1636.587179645806,1732.1169587233037,1703.67746390483,93.52075820748678,-2.0090208700109997,187.9684072023475,188.07751105666483,-0.9018897638388239,-0.8670608416260848,0.00017213575677001717,0.00017779018037768912,-5.654423607671254e-06
20.603196347031968,1716.349419271998,1630.3923484371005,1718.8692580165457,1690.6581501707883,85.95707083489742,-2.5198387445477692,188.04862159924295,188.18661168582648,-0.9049674452978707,-0.8704589136852974,0.0001687899257343196,0.00017435371045235136,-5.563784718030616e-06
20.78447488584475,1702.7741848171077,1624.2365170995913,1705.7870649065776,1677.8194394177629,78.53766771751634,-3.0128800894699452,188.12566885089325,188.29202960069657,-0.9079541419083057,-0.8738252668765654,0.000165541599559528,0.00017100659881390636,-5.464999254378192e-06
20.96575342465754,1689.379655433282,1618.1193394794323,1692.8674954035644,1665.158063707005,71.26031595384984,-3.4878399702822662,188.19967400728171,188.39384939336185,-0.9108522991804193,-0.8771603707687632,0.00016238716546283574,0.00016774591474698534,-5.358749284148892e-06
21.147031963470322,1676.163258783998,1612.0404733984585,1680.1077300607603,1652.6708150093882,64.12278538553937,-3.9444712767624424,188.27075718098067,188.4921533371309,-0.9136643076174664,-0.8804646854867428,0.00015932316577154442,0.00016456884390030348,-5.245678128757341e-06
21.32831050228311,1663.1224319014802,1605.9995805980939,1667.5050122106338,1640.354544877999,57.12285130338637,-4.382580309153582,188.33903374209757,188.5870214636781,-0.9163925034783347,-0.883738661951952,0.00015634629058089384,0.00016147268285102867,-5.12639227013575e-06
21.509589041095893,1650.2546236079336,1599.9963266842078,1655.0566462578834,1628.206164031769,50.258296923725766,-4.802022649949777,188.40461450552382,188.67853163712476,-0.9190391695494782,-0.886982742112707,0.00015345337078501593,0.000158454833961548,-5.00146317653145e-06
21.69086757990868,1637.5572967236217,1594.0303810728954,1642.7599960272487,1616.2226418607804,43.52691565072632,-5.202699303627014,188.46760591079124,188.76675962520085,-0.9216065359292998,-0.8901973591704291,0.00015064137146109858,0.00015551280051090147,-4.871429049802105e-06
21.872146118721464,1625.027930076305,1588.10141693716,1630.612483164068,1604.4010058629165,36.92651313914507,-5.58455308776297,188.52811019482593,188.8517791676206,-0.9240967808207756,-0.8933829377961047,0.00014790738558764457,0.00015264418208418227,-4.736796496539857e-06
22.05342465753425,1612.6640203256734,1582.2091111544646,1618.6115855856592,1592.7383410205787,30.454909171208783,-5.947565259985822,188.58622555788247,188.93366204180074,-0.9265120313337434,-0.8965398943429932,0.00014524862807910012,0.00014984667020450683,-4.598042125406258e-06
22.234703196347034,1600.4630836154888,1576.353144255178,1606.7548359816547,1581.231789125392,24.10993936031082,-6.291752366165838,188.6420463229254,189.0124781260416,-0.9288543642921923,-0.8996686370511497,0.00014266243011989833,0.00014711804419299912,-4.455614073099556e-06
22.41598173515982,1588.4226570653595,1570.533200371846,1595.0398203615118,1569.878548058046,17.889456693513466,-6.617163296152285,188.69566308871842,189.08829546028556,-0.9311258070485451,-0.9027695662469455,0.0001401462337820493,0.00014445616724343321,-4.3099334613871815e-06
22.597260273972605,1576.5403001133059,1564.7489671893231,1583.4641766474904,1558.6758710297436,11.791332923982736,-6.923876534184501,188.74716287686883,189.16118030456215,-0.9333283383025446,-0.9058430745357668,0.00013769758691116468,0.00014185898269881782,-4.1613957876525895e-06
22.778538812785392,1564.813595719529,1559.0001358956893,1572.0255933114536,1547.6210657910926,5.813459823839821,-7.211997591924501,188.79662927306612,189.23119719522182,-0.9354638889220155,-0.9088895469894851,0.0001353141382668339,0.00013932451051822993,-4.010372251395687e-06
22.959817351598176,1553.2401514411733,1553.2864011340137,1560.7218080539217,1536.7114938137208,-0.04624969284031977,-7.481656612748338,188.84414256274414,189.2984089990566,-0.937534342768231,-0.9119093613292648,0.0001329936329037969,0.0001368508439228671,-3.857211019071127e-06
23.141095890410963,1541.817600387184,1547.6074609548716,1549.5506065238715,1525.9445694493638,-5.789860567687583,-7.733006136687436,188.88977986138678,189.36287696540043,-0.9395415375219045,-0.9149028881017216,0.00013073390778138512,0.00013443614621104028,-3.702238429656594e-06
23.322374429223746,1530.5436020618213,1541.9630167696475,1538.509821077837,1515.3177590707119,-11.419414707826263,-7.966219016015657,188.93361523968844,189.4246607762974,-0.9414872655081012,-0.9178704908501345,0.00012853288758913394,0.0001320786477324394,-3.5457601433070443e-06
23.503652968036533,1519.4158431048188,1536.3527733045946,1527.5973295769047,1504.8285801978714,-16.936930199775816,-8.181486472085908,188.97571984377333,189.48381859482063,-0.9433732745237648,-0.9208125262824183,0.00012638858077737542,0.00012977664301273517,-3.3880622353612826e-06
23.68493150684932,1508.4320379356466,1530.7764385556538,1516.8110542202955,1494.4746006139078,-22.344400620007264,-8.37901628464897,189.01616201066756,189.54040711162256,-0.945201268661549,-0.9237293444319334,0.00012429907578203616,0.00012752848801996257,-3.22941223792577e-06
23.866210045662104,1497.589929308877,1525.2337237439804,1506.1489604142341,1484.253437472579,-27.643794435103473,-8.559031105357235,189.05500737921204,189.59448158979134,-0.94697290913291,-0.9266212888149994,0.0001222625374335595,0.0001253325975648294,-3.0700601312706808e-06
24.04748858447489,1486.8872887871844,1519.7243432721918,1495.6090556748818,1474.1627564010466,-32.83705448500746,-8.721766887697413,189.0923189965966,189.6460959080861,-0.9486898150880734,-0.9294886965844853,0.00012027720354043982,0.00012318744282757607,-2.910239287137471e-06
24.228767123287675,1476.321917138082,1514.2480146813457,1485.1893885641389,1464.2002706000676,-37.92609754326372,-8.867471426056909,189.12815742068707,189.69530260261726,-0.9503535644315093,-0.9323318986772051,0.00011834138163829388,0.00012109154900429124,-2.750167365999286e-06
24.410045662100462,1465.8916446601074,1508.8044586085723,1474.8880476572117,1454.363739943884,-42.91281394846487,-8.99640299710427,189.1625808183129,189.7421529070405,-0.9519656946362147,-0.9351512199590388,0.00011645344589596626,0.00011904349306626832,-2.59004717030249e-06
24.591324200913245,1455.594331443794,1503.393398745396,1464.703160540821,1444.6509700818087,-47.79906730160201,-9.108829097026955,189.19564505967335,189.7866967913231,-0.9535277035491845,-0.9379469793649378,0.00011461183417054735,0.00011704190162618958,-2.4300674556406047e-06
24.772602739726032,1445.42786757241,1498.014561796746,1454.6328928410196,1435.059811543264,-52.58669422433604,-9.205025268609688,189.22740380901664,189.82898299914334,-0.9550410501947226,-0.940719490036031,0.00011281504520375816,0.00011508544890546166,-2.2704037017019265e-06
24.953881278538816,1435.3901732671266,1492.6676774405887,1444.6754472796008,1425.5881588478455,-57.27750417346215,-9.285274012474247,189.25790861173843,189.869059083978,-0.9565071555705345,-0.9434690594513313,0.00011106163595234737,0.00011317285479713846,-2.111218844791984e-06
25.135159817351603,1425.479198980965,1487.3524782882089,1434.8290627581534,1416.2339496217933,-61.87327930724382,-9.349863777188375,189.2872089780419,189.90697144393357,-0.9579274034365994,-0.946195989556827,0.00010935021904579607,0.0001113028830195098,-1.95266397371581e-06
25.316438356164387,1415.6929254455863,1482.0686998451308,1425.0920134687947,1406.99516372209,-66.37577439954453,-9.399088023208378,189.31535246329392,189.94276535536943,-0.9593031410993262,-0.948900576892072,0.0001076794603647706,0.00010947433935543544,-1.7948789906641827e-06
25.497716894977174,1406.029363674715,1476.8160804726501,1415.4626080307085,1397.8698223692572,-70.78671679793524,-9.433244355993565,189.34238474520907,189.97648500536334,-0.9606356801858738,-0.951583112710864,0.0001060480767342652,0.00010768606997298021,-1.6379932387160413e-06
25.678995433789957,1396.4865549277426,1471.594361349969,1405.9391886516312,1388.8559872897847,-75.1078064222263,-9.452633723888539,189.36834969798562,190.0081735230661,-0.9619262974118783,-0.9542438831003892,0.00010445483372555063,0.00010593695982307128,-1.4821260975227695e-06
25.860273972602744,1387.0625706368214,1466.4032864369267,1396.5201303134322,1379.9517598690027,-79.34071580010527,-9.4575596766108,189.39328946351517,190.03787300998778,-0.9631762353411659,-0.9568831690972956,0.00010289854356158568,0.00010422593111025288,-1.3273875486662883e-06
26.041552511415528,1377.7555123005122,1461.2426024373287,1387.203839981012,1371.1552803151005,-83.4870901368165,-9.448327680499688,189.41724451977964,190.0656245692597,-0.9643867031370519,-0.9595012467995048,0.00010137806312054056,0.00010255194183264065,-1.173878712099142e-06
26.222831050228315,1368.5635113468904,1456.1120587628297,1377.9887558337368,1362.4647268348867,-87.54854741593931,-9.425244486846395,189.44025374654862,190.09146833391128,-0.9655588773025556,-0.9620983874754074,9.989229203262922e-05,0.0001009139843876804,-1.0216923550536195e-06
26.4041095890411,1359.484728968773,1451.0114074973817,1368.8733465186813,1353.8783148218045,-91.52667852860873,-9.388617549908304,189.46235448848228,190.1154434942009,-0.9666939024152725,-0.9646748576708433,9.844017086553151e-05,9.931108424026495e-05,-8.709133747327376e-07
26.585388127853886,1350.517355933571,1445.9404033622613,1359.856110424948,1345.3942960566208,-95.42304742869032,-9.338754491376903,189.48358261574268,190.137588324037,-0.96779289184974,-0.9672309193131241,9.702067939403774e-05,9.774229865007682e-05,-7.216192560372024e-07
26.76666666666667,1341.6596123701102,1440.8988036816074,1350.9355749784004,1337.010957921153,-99.23919131149728,-9.275962608290229,189.50397258221253,190.15794020652547,-0.9688569284911637,-0.969766829810851,9.563283494965543e-05,9.620671545518213e-05,-5.738805055260871e-07
26.947945205479456,1332.9097475345693,1435.8863683485072,1342.110295956131,1328.7266226253014,-102.97662081393787,-9.200548421561734,189.5235574814145,190.17653565867593,-0.9698870654391385,-0.9722828421525946,9.427569084634189e-05,9.470345190910179e-05,-4.277610627599942e-07
27.12922374429224,1324.266039557575,1430.9028597916101,1333.3788568200387,1320.5396464476287,-106.63682023403521,-9.11281726246375,189.54236910022308,190.19341035529973,-0.9708843267021621,-0.974779205003415,9.294833487847309e-05,9.32316535686314e-05,-2.8331869015657217e-07
27.310502283105027,1315.726795174329,1425.9480429422538,1324.73986806889,1312.4484189896393,-110.22124776792475,-9.013072894560992,189.56043797045567,190.20859915213,-0.9718497078793007,-0.9772561627968344,9.164988788760342e-05,9.179049322997444e-05,-1.4060534237165434e-07
27.491780821917814,1307.2903494395223,1421.0216852020847,1316.1919666082888,1304.451362443895,-113.73133576256237,-8.901617168766506,189.57779341842675,190.22213610819335,-0.9727841768352619,-0.9797139558259005,9.037950239456078e-05,9.037916991077203e-05,3.3248378653706875e-10
27.673059360730598,1298.9550654286481,1416.1235564111903,1307.7338151379752,1296.5469308760328,-117.16849098254215,-8.77874970932703,189.59446361254507,190.23405450746162,-0.9736886743614832,-0.9821528203324306,8.913636129373086e-05,8.89969078758152e-05,1.3945341791714293e-07
27.854337899543385,1290.719333927254,1411.253428816714,1299.3641015558978,1288.7336095207258,-120.53409488946,-8.644767628643876,189.61047560903194,190.24438687980935,-0.9745641148281265,-0.9845729885919354,8.79196766064856e-05,8.76429557043221e-05,2.767209021664145e-07
28.03561643835617,1282.5815731095195,1406.4110770419438,1291.0815383785475,1281.0099140915927,-123.82950393242436,-8.499965269028053,189.62585539583455,190.25316502130465,-0.9754113868262948,-0.986974688999112,8.672868829085655e-05,8.631658539675802e-05,4.121028940987487e-07
28.216894977168955,1274.540228207467,1401.5962780558743,1282.884862177026,1273.3743901050218,-127.05604984840738,-8.344633969559027,189.64062793480474,190.2604200138563,-0.9762313537964928,-0.9893581461477652,8.556266310478005e-05,8.501709151934754e-05,5.455715854297068e-07
28.39817351598174,1266.5937711720253,1396.8088111432373,1274.7728330283674,1265.8256122178589,-130.21503997121204,-8.17906185634206,189.65481720221305,190.2661822442422,-0.9770248546490166,-0.991723580912435,8.442089352022517e-05,8.374379038439518e-05,6.771031358292511e-07
28.579452054794526,1258.7407003270669,1392.0484578749813,1266.7442339816284,1258.3621835788708,-133.30775754791443,-8.00353365456158,189.668446227663,190.2704814225406,-0.9777927043722912,-0.9940712105239982,8.33026966859132e-05,8.249601926484022e-05,8.066774210723408e-07
28.76073059360731,1250.979540017453,1387.315002079191,1258.7978705382977,1250.9827351938873,-136.33546206173787,-7.818330520844711,189.68153713146876,190.27334659998638,-0.9785356946304091,-0.996401248647885,8.220741343610349e-05,8.1273135641323e-05,9.342777947824921e-07
28.942009132420097,1243.3088402520573,1382.6082298124575,1250.9325701465737,1243.685925304496,-139.2993895604002,-7.623729894516373,189.6941111605568,190.27480618627334,-0.9792545943491859,-0.9987139054559293,8.113440734341335e-05,8.00745164803201e-05,1.0598908630932173e-06
29.12328767123288,1235.727176342669,1377.9279293316702,1243.1471817090944,1236.4704387801507,-142.2007529890011,-7.420005366425357,189.7061887229509,190.27488796632196,-0.979950150292666,-1.001009387699355,8.00830638134165e-05,7.889955754183755e-05,1.1835062715796354e-06
29.304566210045667,1228.2331485395737,1373.2738910662424,1235.4405751036973,1229.3349865235407,-145.04074252666874,-7.20742656412358,189.7177894208943,190.27361911653227,-0.9806230876266682,-1.003287898778808,7.905278921918606e-05,7.77476727153658e-05,1.30511650382207e-06
29.48584474885845,1220.8253816646113,1368.6459075907308,1227.8116407168156,1222.2783048890508,-147.82052592611944,-6.986259052204332,189.7289320826652,190.27102622053943,-0.9812741104731231,-1.0055496388129086,7.804301007374307e-05,7.661829338271412e-05,1.4247166910281407e-06
29.667123287671238,1213.5025247423778,1364.0437735978958,1220.2592889891278,1215.2991551141388,-150.541248855518,-6.756764246749981,189.7396347931355,190.2671352844902,-0.9819039024529275,-1.0077948047047585,7.705317223870553e-05,7.551086780656629e-05,1.5423044321392215e-06
29.84840182648402,1206.2632506302443,1359.4672858721317,1212.7824499730934,1208.3963227634374,-153.20403524188737,-6.519199342849106,189.7499149231228,190.26197175185757,-0.9825131272185672,-1.0100235902077657,7.608274016740865e-05,7.442486054353192e-05,1.6578796238762127e-06
30.02968036529681,1199.1062556477843,1354.9162432633143,1205.380072902003,1201.5686171853897,-155.80998761552996,-6.273817254218557,189.7597891575843,190.25556051780802,-0.9831024289732113,-1.0122361859882858,7.513119618086918e-05,7.33597518806388e-05,1.7714443002322298e-06
30.210958904109592,1192.0302592061457,1350.390446661033,1198.0511257702167,1194.814870981211,-158.36018745488718,-6.020866564070957,189.76927352269644,190.2479259431394,-0.9836724329840081,-1.0144327796884909,7.419803977505739e-05,7.231503729413547e-05,1.883002480921043e-06
30.39223744292238,1185.0340034378914,1345.8896989691816,1190.7945949242398,1188.1339394859765,-160.85569553129017,-5.760591486348403,189.7783834118662,190.23909186780216,-0.9842237460801471,-1.0166135559866234,7.328278695800909e-05,7.129022692970886e-05,1.992560028299322e-06
30.573515981735163,1178.1162528277569,1341.4138050809627,1183.6094846643207,1181.5247002616115,-163.29755225320582,-5.493231836563837,189.78713361071493,190.22908162401964,-0.9847569571431904,-1.0187786966559997,7.23849696153979e-05,7.02848451030382e-05,2.1001245123604638e-06
30.75479452054795,1171.275793844752,1336.9625718542234,1176.4948168562614,1174.9860526015818,-165.68677800947148,-5.219023011509535,189.79553832107598,190.21791804902085,-0.9852726375852399,-1.020928380622422,7.15041349032491e-05,6.929842981989768e-05,2.2057050833515647e-06
30.936073059360734,1164.5114345759937,1332.5358080871806,1169.4496305531338,1168.5169170470526,-168.02437351118692,-4.93819597714014,189.80361118404443,190.20562349739865,-0.9857713418188041,-1.0230627840214765,7.063984466651177e-05,6.833053231488705e-05,2.309312351625997e-06
31.11735159817352,1157.8220043626256,1328.1333244944822,1162.4729816266058,1162.1162349143046,-170.31132013185652,-4.650977263980167,189.8113653021173,190.192219853106,-0.9862536077131381,-1.0251820802513976,6.979167488233544e-05,6.738071660796483e-05,2.4109582743693156e-06
31.298630136986308,1151.206353438137,1323.7549336836362,1155.5639424076194,1155.7829678331834,-172.54858024549912,-4.357588969482322,189.81881326045897,190.17772854110396,-0.986719957044329,-1.0272864400294566,6.895921512687487e-05,6.644855907805959e-05,2.510656048812955e-06
31.47990867579909,1144.6633525693876,1319.4004501317654,1148.72160133611,1149.5160972963572,-174.7370975623778,-4.0582487667225,189.8259671473277,190.16217053867058,-0.987170895932536,-1.0293760314420979,6.814206806457268e-05,6.553364805295944e-05,2.6084200116139724e-06
31.66118721461188,1138.19189270058,1315.0696901627152,1141.945062619539,1143.3146242191651,-176.87779746213528,-3.7531699189589744,189.83283857369486,190.1455663863844,-0.9876069152708169,-1.0314510199972347,6.733984895890032e-05,6.463558341482203e-05,2.7042655440800557e-06
31.842465753424662,1131.790884600443,1310.7624719244857,1135.2334458999687,1137.1775685098319,-178.97158732404273,-3.442561299525778,189.83943869209003,190.12793619879227,-0.9880284911426997,-1.033511568673589,6.655218520351834e-05,6.375397622059652e-05,2.798208982920594e-06
32.023744292237446,1125.459258512822,1306.4786153669934,1128.58588592943,1131.1039686498302,-181.0193568541713,-3.1266274166080166,189.84577821470188,190.10929967477216,-0.9884360852319105,-1.0355578379693497,6.577871587301304e-05,6.288844833678119e-05,2.890267536232232e-06
32.20502283105023,1119.1959638108754,1302.2179422201582,1122.001532253356,1125.0928812841687,-183.02197840928284,-2.805568442480535,189.85186743076432,190.08967610760104,-0.9888301452215273,-1.0375899859509445,6.501909129227013e-05,6.203863208781308e-05,2.9804592044583015e-06
32.38630136986301,1112.9999686550502,1297.9802759722934,1115.4795489018366,1119.143380821391,-184.98030731724316,-2.479580246786327,189.85771622325638,190.0690843947372,-0.9892111051833581,-1.0396081682980594,6.427297262364593e-05,6.120416991760458e-05,3.0688027060396916e-06
32.5675799086758,1106.8702596549845,1293.7654418488244,1109.0191140884901,1113.2545590430716,-186.8951821938399,-2.148854433505676,189.86333408494238,190.04754304732737,-0.9895793859598143,-1.0416125383509325,6.354003147115196e-05,6.0384714063632486e-05,3.1553174075186605e-06
32.74885844748859,1100.8058415354756,1289.5732667913041,1102.619419916716,1107.42552472259,-188.76742525582858,-1.8135783812404043,189.8687301337791,190.02507019944633,-0.9899353955345305,-1.0436032471527596,6.281994950090421e-05,5.957992624305328e-05,3.2400232578516767e-06
32.93013698630137,1094.8057368066281,1285.4035794367187,1096.279672093131,1101.6554032529773,-190.59784263009055,-1.473935286502865,189.8739131277145,190.00168361707838,-0.990279529394229,-1.0455804434933498,6.211241807704028e-05,5.8789477350331696e-05,3.3229407267092314e-06
33.111415525114154,1088.868985438289,1281.2562100971124,1089.999089647987,1095.9433362836262,-192.38722465882347,-1.1301042096979472,189.87889147890206,189.97740070684893,-0.9906121708852424,-1.047544273953804,6.141713791252034e-05,5.801304716596123e-05,3.404090746560143e-06
33.292694063926945,1082.9946445388498,1277.1309907394789,1083.776904662367,1090.2884813656603,-194.13634620062908,-0.7822601235172897,189.88367326735397,189.95223852451414,-0.9909336915563927,-1.0494948829451687,6.0733818734057563e-05,5.725032407574304e-05,3.4834946583156054e-06
33.47397260273973,1077.1817880385006,1273.0277549659568,1077.6123620019816,1084.690011605759,-195.84596692745617,-0.43057396348103794,189.8882662540552,189.9262137832163,-0.9912444514957315,-1.0514324127508416,6.006217896060996e-05,5.6501004800257644e-05,3.561174160351339e-06
33.65525114155251,1071.4295063769932,1268.9463379942968,1071.5047190573641,1079.1471153282384,-197.51683161730352,-0.07521268037089612,189.89267789356003,189.89934286151245,-0.9915447996598914,-1.0533570035653383,5.940194539478543e-05,5.5764794134050664e-05,3.6371512607342733e-06
33.836529680365295,1065.7369061959616,1264.8865766386064,1065.4532454903094,1073.6589957451981,-199.14967044264472,0.2836607056522098,189.8969153460907,189.87164181118357,-0.9918350741934319,-1.0552687935327185,5.8752852926675315e-05,5.50414046942057e-05,3.7114482324682095e-06
34.017808219178086,1060.1031100358468,1260.8483092903678,1059.457222986364,1068.224870634537,-200.7451992545209,0.6458870494827806,189.90098548915876,189.84312636483082,-0.9921156027410234,-1.0571679187853533,5.811464424945257e-05,5.433055667785791e-05,3.7840875715933206e-06
34.19908675799087,1054.5272560374588,1256.8313758997247,1053.5159450132153,1062.8439720256517,-202.3041198622659,1.0113110242434686,189.90489492872769,189.81381194326636,-0.992386702750764,-1.059054513479964,5.748706958635008e-05,5.363197762835593e-05,3.85509195799409e-06
34.38036529680365,1049.008497648182,1252.835617957033,1047.6287165848046,1057.5155458926304,-203.82712030885114,1.3797810633773224,189.90865000993423,189.78371366270383,-0.9926486817718114,-1.0609287098345703,5.6869886428393314e-05,5.2945402209631413e-05,3.924484218761818e-06
34.56164383561644,1043.5460033328627,1248.8608784746639,1041.794854031021,1052.2388518547657,-205.31487514180117,1.7511493018416786,189.912256827387,189.75284634175625,-0.9929018377416696,-1.0627906381639605,5.6262859282546394e-05,5.227057198857706e-05,3.99228729396873e-06
34.74292237442923,1038.1389562893635,1244.9070019690705,1036.013684772815,1047.0131628842018,-206.76804567970703,2.125271516548537,189.9157212350582,189.72122450824605,-0.9931464592679049,-1.0646404269133427,5.566575942972603e-05,5.160723522500057e-05,4.058524204724648e-06
34.92420091324201,1032.7865541687936,1240.9738344430991,1030.2845471025873,1041.8377650205493,-208.18728027430552,2.502007066206261,189.91904885578447,189.6888624058337,-0.9933828259022448,-1.066478202692906,5.507836469229895e-05,5.095514666891043e-05,4.1232180233890825e-06
35.105479452054794,1027.4880088004102,1237.0612233685474,1024.606789969712,1036.7119570922885,-209.57321456813725,2.881218830698117,189.9222450903935,189.65577400047053,-0.993611208406719,-1.0683040903111305,5.450045921065325e-05,5.031406736483133e-05,4.186391845820622e-06
35.286757990867585,1022.2425459211674,1233.1690176689744,1018.979772771054,1031.6350504448035,-210.926471747807,3.262773150113503,189.92531512646906,189.6219729866806,-0.9938318690138885,-1.070118212806733,5.393183322844446e-05,4.9683764462896555e-05,4.248068765547538e-06
35.46803652968037,1017.0494049099112,1229.2970677027295,1013.4028651463465,1026.6063686748762,-212.24766279281823,3.6465397635647605,189.92826394677127,189.5874727936774,-0.9940450616777525,-1.0719206914797041,5.3372282886167436e-05,4.906401103641653e-05,4.308271849751125e-06
35.64931506849315,1011.9078385261759,1225.4452252462372,1007.8754467782975,1021.6252473714834,-213.53738672006136,4.032391747878364,189.93109633732317,189.55228659131978,-0.9942510323227225,-1.0737116459245044,5.2821610022653066e-05,4.845458590568654e-05,4.367024116966559e-06
35.830593607305936,1006.8171126535747,1221.6133434775033,1002.3969071973058,1016.691033862741,-214.79623082392868,4.420205456268832,189.93381689517904,189.51642729591288,-0.9944500190797498,-1.0754911940579177,5.227962198422007e-05,4.7855273467820114e-05,4.424348516400312e-06
36.011872146118726,1001.7765060477388,1217.801276959846,996.9666455906539,1011.8030869688438,-216.02477091210721,4.8098604570849375,189.93643003588517,189.47990757585748,-0.9946422525221124,-1.0772594521502015,5.174613144110248e-05,4.7265863532335985e-05,4.480267908766335e-06
36.19315068493151,996.7853100887776,1214.0088816258574,991.5840706160702,1006.9607767608469,-217.2235715370798,5.201239472707357,189.9389400006468,189.44273985715367,-0.9948279558900595,-1.0790165348537357,5.122095621087004e-05,4.668615116230578e-05,4.534805048565134e-06
36.37442922374429,991.8428285382145,1210.2360147615784,986.248600219533,1002.1634843251477,-218.39318622336395,5.594228318681417,189.94135086321154,189.40493632876172,-0.995007345311933,-1.0807625552315585,5.070391908854714e-05,4.61159365208238e-05,4.587982567722906e-06
36.55570776255708,986.9483773003601,1206.4825349908972,980.959661457219,997.4106015335252,-219.53415769053709,5.988715843141108,189.94366653648098,189.36650894782588,-0.9951806300188082,-1.0824976247847644,5.019484768314635e-05,4.555502472264185e-05,4.6398229605035995e-06
36.73698630136987,982.1012841880815,1202.7483022601573,975.7166903214771,992.7015308185945,-220.64701807207575,6.384593866604405,189.94589077886184,189.327469444764,-0.9953480125521992,-1.0842218534805852,4.969357426034902e-05,4.500322569072582e-05,4.690348569622747e-06
36.91826484018265,977.300888692914,1199.033177822973,970.5191315707249,988.0356849545464,-221.73228913005892,6.781757122189106,189.9480272003657,189.28782932822725,-0.9955096889676724,-1.0859353497781967,4.9199935591092685e-05,4.4460354017589804e-05,4.739581573503958e-06
37.099543378995435,972.5465417594692,1195.3370242252613,965.3664385631719,983.4124868430331,-222.79048246579214,7.180103196297296,189.9500792684684,189.24759988993446,-0.9956658490314112,-1.087638220655208,4.871377280577397e-05,4.392622883117133e-05,4.787543974601405e-06
37.28082191780822,967.8376055640866,1191.6597052904594,960.2580730942591,978.8313693040772,-223.8220997263728,7.579532469827541,189.9520503137374,189.20679220938328,-0.9958166764115504,-1.0893305716333543,4.823493125390177e-05,4.340067366517795e-05,4.834257588723631e-06
37.46210045662101,963.1734532976833,1188.0010861049625,955.193505237732,974.2917748718718,-224.8276328072792,7.979948059951312,189.95394353523798,189.16541715844326,-0.9959623488656462,-1.091012506803736,4.77632603689278e-05,4.2883516333619004e-05,4.879744035309226e-06
37.64337899543379,958.5534689527356,1184.361033003749,950.172213190244,969.793155595356,-225.80756405101351,8.381255762491605,189.95576200572492,189.12348540583338,-0.9961030384201877,-1.0926841288504647,4.729861353806724e-05,4.237458880947413e-05,4.924024728592937e-06
37.824657534246576,953.9770471143464,1180.7394135561929,945.1936831194018,965.3349728434368,-226.76236644184644,8.78336399494458,189.95750867663,189.08100742148736,-0.9962389115476071,-1.094345539075789,4.684084797686186e-05,4.1873727107257227e-05,4.967120869604416e-06
38.00593607305936,949.443592755337,1177.1360965520819,940.2574090151697,960.9166971147504,-227.69250379674486,9.18618374016728,189.9591863828521,189.03799348081054,-0.9963701293360145,-1.0959968374222626,4.638982460837869e-05,4.13807711694211e-05,5.009053438958192e-06
38.18721461187215,944.9525210353089,1173.55095198781,935.3628925445405,956.53780785184,-228.5984309525012,9.589628490768405,189.9607978473584,188.99445366883091,-0.9964968476564309,-1.0976381224971874,4.5945407946767846e-05,4.089556475638448e-05,5.04984319038238e-06
38.368493150684934,940.5032571036121,1169.9838510527675,930.5096429093951,952.1977932596458,-229.48059394915538,9.993614194217002,189.96234568560374,188.95039788424742,-0.9966192173235413,-1.0992694915944412,4.550746598504355e-05,4.0417955340103686e-05,5.08951064494099e-06
38.54977168949772,936.0952359061691,1166.434666115899,925.6971767074682,947.8961501281954,-230.33943020972993,10.398059198700935,189.96383240977565,188.90583584337864,-0.9967373842521283,-1.100891040716533,4.507587008691842e-05,3.9947794001013174e-05,5.128076085906882e-06
38.7310502283105,931.7279019960868,1162.9032707124531,920.925017796342,943.6323836593884,-231.1753687163664,10.802884199744767,189.9652604328718,188.86077708401464,-0.9968514896092984,-1.102502864596545,4.465049488253291e-05,3.9484935328285164e-05,5.1655595542473274e-06
38.91232876712329,927.4007093479995,1159.3895395309057,916.1926971603899,939.4060072977757,-231.9888301829062,11.208012187609597,189.96663207261614,188.81523096917397,-0.9969616699629569,-1.104105056719277,4.4231218167893945e-05,3.902923732321303e-05,5.201980844681344e-06
39.093607305936075,923.1131211760871,1155.8933484000484,911.4997527806046,935.2165425652303,-232.78022722396122,11.613368395482553,189.96794955522086,188.76920669077035,-0.9970680574241442,-1.105697709341598,4.381792080792678e-05,3.85805613056515e-05,5.237359502276583e-06
39.27488584474886,918.8646097557003,1152.4145742762619,906.8457295072255,931.063518899413,-233.54996452056162,12.018880248474716,189.96921501899942,188.72271327318893,-0.9971707797866429,-1.1072809135133639,4.341048664291865e-05,3.8138771823371965e-05,5.271714819546169e-06
39.45616438356165,914.6546562485387,1148.9530952309494,902.2301789351097,926.946473495938,-234.29843898241074,12.424477313428952,189.97043051783723,188.67575957677747,-0.997269960663175,-1.1088547590977669,4.3008802398316416e-05,3.7703736564300276e-05,5.305065834017044e-06
39.63744292237443,910.4827505313211,1145.508790438134,897.6526592817639,922.8649511541457,-235.0260399068128,12.8300912495572,189.97159802452504,188.6283543012517,-0.9973657196147769,-1.1104193347895261,3.409157736419406e-05,2.9853880538378662e-05,4.237696825814769e-06
39.81872146118722,906.3483910278829,1142.0815401622272,893.1127352679895,918.8185041263915,-235.73314913434422,13.235655759893461,189.972719433961,188.5805059890208,-0.9974581722797211,-1.1119747281348964,1.689091267476993e-05,1.479128144182595e-05,2.0996312329424436e-06
40.0,902.2510845446459,1138.6712257459544,888.6099780010577,914.8066919707647,-236.42014120130852,13.641106543588194,189.97379656622604,188.53222302843167,-0.997548797572108,-1.1135220402488812,-1.1954268850485197e-11,-2.7528780743078576e-11,1.5574513659568202e-11
